,layer architecture,total parameters,trained parameters,total inputs,df,dropout,learning rate,validation split,epochs,test mae avg,train mae avg,test mae std dev,train mae std dev,test predicted thickness std dev,train predicted thickness std dev
0,10-5,192.0,171.0,1980.0,df8,1,0.1,0.2,100,13.706979484558106,14.042990379333496,2.964398670793791,0.8828088066399411,4.969352722167969,2.4105613231658936
1,10-5,192.0,171.0,1980.0,df8,1,0.01,0.2,100,14.567189712524414,14.454701309204102,2.924517859234456,0.6786424270274295,5.091794967651367,1.5327450037002563
2,10-5,192.0,171.0,1980.0,df8,1,0.001,0.2,100,34.80915565490723,33.8033952331543,6.02436215577832,5.428587603971567,8.329605102539062,8.19540023803711
3,32-18,986.0,965.0,1980.0,df8,1,0.1,0.2,100,12.739695739746093,13.405361747741699,2.3074954901771485,1.4849274963400922,4.609288215637207,3.7921533584594727
4,32-18,986.0,965.0,1980.0,df8,1,0.01,0.2,100,13.903336696624756,13.890409660339355,3.0803178975646746,0.8293342282001821,5.517275810241699,1.3050620555877686
5,32-18,986.0,965.0,1980.0,df8,1,0.001,0.2,100,19.995709075927735,19.872512435913087,3.4339941446963818,1.1676484950904094,3.968508005142212,1.5856642723083496
6,46-30,1968.0,1947.0,1980.0,df8,1,0.1,0.2,100,12.738265342712403,13.062819938659668,3.597220004543155,1.286994596090776,4.990231990814209,4.368814945220947
7,46-30,1968.0,1947.0,1980.0,df8,1,0.01,0.2,100,13.737568702697754,13.712015953063965,3.2473659261439867,0.707353070894157,5.711339473724365,1.4978885650634766
8,46-30,1968.0,1947.0,1980.0,df8,1,0.001,0.2,100,17.44649314880371,17.367850608825684,3.1732937247017006,0.9262822330615167,4.536839485168457,1.3536443710327148
