,layer architecture,total parameters,trained parameters,total inputs,df,dropout,learning rate,validation split,epochs,test mae avg,train mae avg,test mae std dev,train mae std dev,test predicted thickness std dev,train predicted thickness std dev
0,10-5,180.0,161.0,3006.0,df4,0,0.1,0.2,100,15.017647285461425,15.77656307220459,2.3882698813308876,0.7358616227444472,5.262760162353516,3.078538417816162
1,10-5,180.0,161.0,3006.0,df4,0,0.01,0.2,100,16.62543445587158,17.45598430633545,7.086157033574231,6.791608837915475,10.686714172363281,9.813385963439941
2,10-5,180.0,161.0,3006.0,df4,0,0.001,0.2,100,22.985893173217775,23.00546356201172,4.092628013337281,2.489974423384475,5.504787921905518,4.64162015914917
3,47-21,1519.0,1500.0,3006.0,df4,0,0.1,0.2,100,14.281349334716797,15.002301368713379,2.3909336199087208,1.1321001506316484,5.245485782623291,4.5295796394348145
4,47-21,1519.0,1500.0,3006.0,df4,0,0.01,0.2,100,15.003880462646485,15.645642700195312,2.378076518557796,0.7268340876194591,4.260024070739746,1.428739309310913
5,47-21,1519.0,1500.0,3006.0,df4,0,0.001,0.2,100,16.77224468231201,17.250938377380372,2.7204590207061283,0.6218268778306827,4.079189300537109,1.1967660188674927
6,64-36,3036.0,3017.0,3006.0,df4,0,0.1,0.2,100,14.331741485595703,14.819766807556153,2.57992234191484,1.0347394132095473,5.565457820892334,3.2029027938842773
7,64-36,3036.0,3017.0,3006.0,df4,0,0.01,0.2,100,14.999202117919921,15.417198829650879,2.479999854038125,0.7253444169212141,3.989192485809326,2.0735151767730713
8,64-36,3036.0,3017.0,3006.0,df4,0,0.001,0.2,100,16.286501350402833,16.854356689453127,2.6135928725328674,0.64584503491647,4.338069915771484,1.081170678138733
