,layer architecture,total parameters,trained parameters,total inputs,df,dropout,learning rate,validation split,epochs,test mae avg,train mae avg,test mae std dev,train mae std dev,test predicted thickness std dev,train predicted thickness std dev
0,35-22,999.0,990.0,440.0,df1,0,0.1,0.2,100,34.423079299926755,12.478322639465333,13.116863724973802,1.1338166761839172,18.175073623657227,3.6939351558685303
3,16-8,234.0,225.0,440.0,df1,0,0.01,0.2,100,80.38643737792968,14.315221710205078,10.770824663607398,0.31791658555912716,11.056166648864746,0.9601690173149109
1,20-15,440.0,431.0,440.0,df1,0,0.01,0.2,100,80.7968147277832,14.236147727966308,14.224133988535623,0.20797237085131784,14.647882461547852,1.082213044166565
2,10-5,120.0,111.0,440.0,df1,0,0.01,0.2,100,89.07533920288085,14.53051528930664,13.038495617973041,0.3488817760969083,13.220568656921387,1.1121575832366943
