,layer architecture,total parameters,trained parameters,total inputs,df,dropout,learning rate,validation split,epochs,test mae avg,train mae avg,test mae std dev,train mae std dev,test predicted thickness std dev,train predicted thickness std dev
0,64-48,3828.0,3809.0,3834.0,df2,1,0.01,0.2,100,27.583850708007812,19.691145782470702,1.0046878706174935,0.4474875851393105,2.6005375385284424,2.5994794368743896
2,50-28,1976.0,1957.0,3834.0,df2,1,0.01,0.2,100,27.848476638793944,20.01499221801758,1.0117237490272393,0.5800014914551758,2.7032952308654785,2.4878368377685547
1,10-5,180.0,161.0,3834.0,df2,1,0.01,0.2,100,28.410877532958985,21.194459762573242,0.5243069297956515,0.28063089092921756,0.8411694169044495,0.8360275626182556
