,layer architecture,total parameters,trained parameters,total inputs,df,dropout,learning rate,validation split,epochs,test mae avg,train mae avg,test mae std dev,train mae std dev,test predicted thickness std dev,train predicted thickness std dev
0,10-5,180.0,161.0,3834.0,df5,1,0.01,0.2,100,28.338303756713866,21.138781280517577,0.6074678474423174,0.3111267359046868,0.9657028317451477,0.8481465578079224
1,50-28,1976.0,1957.0,3834.0,df5,1,0.01,0.2,100,28.617911987304687,20.79006866455078,0.765561311499006,0.5549881947490564,1.763008713722229,1.724047303199768
2,64-48,3828.0,3809.0,3834.0,df5,1,0.01,0.2,100,29.424730834960936,20.939183120727538,1.1866808599011471,0.6545873268545772,2.475797414779663,2.534024715423584
