,layer architecture,total parameters,trained parameters,total inputs,df,dropout,learning rate,validation split,epochs,test mae avg,train mae avg,test mae std dev,train mae std dev,test predicted thickness std dev,train predicted thickness std dev
0,35-22,999.0,990.0,440.0,df1,1,0.1,0.2,100,36.273352813720706,12.263925933837891,16.09834374492938,1.0682936664156217,19.638368606567383,4.040956020355225
1,10-5,120.0,111.0,440.0,df1,1,0.01,0.2,100,75.86125518798828,14.516178588867188,8.471929600040285,0.3985932708821461,9.073394775390625,1.268068552017212
3,16-8,234.0,225.0,440.0,df1,1,0.01,0.2,100,80.30843475341797,14.328076667785645,12.341569544564523,0.3309233137867519,12.4992094039917,1.1971898078918457
2,20-15,440.0,431.0,440.0,df1,1,0.01,0.2,100,84.65308776855468,14.099095382690429,12.697077435303411,0.3401636662731321,13.050135612487793,1.2319236993789673
