,layer architecture,total parameters,trained parameters,total inputs,df,dropout,learning rate,validation split,epochs,test mae avg,train mae avg,test mae std dev,train mae std dev,test predicted thickness std dev,train predicted thickness std dev
0,10-5,168.0,151.0,3408.0,df5,0,0.1,0.2,100,23.463453102111817,22.02358627319336,4.046038166605182,1.0224413668456065,5.047821044921875,3.223252534866333
1,10-5,168.0,151.0,3408.0,df5,0,0.01,0.2,100,27.05418846130371,25.18285026550293,10.014883769529767,9.411710495890503,13.410279273986816,13.091767311096191
2,10-5,168.0,151.0,3408.0,df5,0,0.001,0.2,100,29.057694244384766,27.639826278686524,4.170872898628456,1.4151804386223032,3.2519495487213135,2.4468648433685303
3,50-25,1768.0,1751.0,3408.0,df5,0,0.1,0.2,100,21.34916286468506,20.226771545410156,3.8936402718791427,0.9324855975180927,4.751123428344727,2.8743703365325928
4,50-25,1768.0,1751.0,3408.0,df5,0,0.01,0.2,100,22.894981231689453,21.477367553710938,3.274280280763734,0.9697352496890408,4.491917133331299,1.7234058380126953
5,50-25,1768.0,1751.0,3408.0,df5,0,0.001,0.2,100,25.127258911132813,23.519131698608398,3.4905658158065243,0.9509924016857874,3.6386773586273193,1.0050849914550781
6,64-42,3366.0,3349.0,3408.0,df5,0,0.1,0.2,100,20.85120922088623,20.30943054199219,2.9059964977496557,1.460830833370912,4.748349666595459,2.6771836280822754
7,64-42,3366.0,3349.0,3408.0,df5,0,0.01,0.2,100,22.93952892303467,21.14769317626953,3.5705105634971095,0.9900286784564658,4.221133232116699,1.9907335042953491
8,64-42,3366.0,3349.0,3408.0,df5,0,0.001,0.2,100,24.75487823486328,23.126078567504884,3.4685050807983333,0.9065714363149754,3.6162948608398438,0.9068778157234192
