,layer architecture,total parameters,trained parameters,total inputs,df,dropout,learning rate,validation split,epochs,test mae avg,train mae avg,test mae std dev,train mae std dev,test predicted thickness std dev,train predicted thickness std dev
0,10-5,120.0,111.0,440.0,df1,0,0.1,0.2,100,28.207835483551026,23.279635848999025,24.074627519945977,9.28796900345816,28.49692726135254,12.238265037536621
1,10-5,120.0,111.0,440.0,df1,0,0.01,0.2,100,35.59267358779907,25.8112393951416,34.103102185245,8.374457951103507,36.122528076171875,9.697920799255371
2,10-5,120.0,111.0,440.0,df1,0,0.001,0.2,100,43.34135391235352,42.426098403930666,6.685401632097237,3.3253375863592636,8.147027969360352,4.825974941253662
3,16-8,234.0,225.0,440.0,df1,0,0.1,0.2,100,25.55008197784424,21.970187225341796,25.98473264143474,9.677572543982224,28.088821411132812,10.675017356872559
4,16-8,234.0,225.0,440.0,df1,0,0.01,0.2,100,35.91087400436401,26.027932357788085,32.70205116133261,9.079380182412569,35.64162063598633,9.677074432373047
5,16-8,234.0,225.0,440.0,df1,0,0.001,0.2,100,39.707618713378906,39.03453384399414,12.724886059567735,3.868621699663786,15.344242095947266,10.356622695922852
6,24-12,442.0,433.0,440.0,df1,0,0.1,0.2,100,20.95124740600586,16.669808158874513,20.699488409097096,4.24357847669266,21.41552734375,6.785226345062256
7,24-12,442.0,433.0,440.0,df1,0,0.01,0.2,100,36.635520133972165,25.391131439208984,35.25537359135159,8.575375813955134,37.659183502197266,9.266005516052246
8,24-12,442.0,433.0,440.0,df1,0,0.001,0.2,100,38.08768924713135,33.37379341125488,26.54192952982715,7.49330225012998,32.004417419433594,14.838385581970215
