,layer architecture,total parameters,trained parameters,total inputs,df,dropout,learning rate,validation split,epochs,test mae avg,train mae avg,test mae std dev,train mae std dev,test predicted thickness std dev,train predicted thickness std dev
0,10-5,120.0,111.0,440.0,df1,1,0.001,0.2,100,44.17677139282227,44.05015213012695,6.529567691589192,3.4763469672807368,7.436697959899902,6.248160362243652
1,10-5,120.0,111.0,440.0,df1,1,0.1,0.2,100,28.188406925201416,23.818696823120117,26.45455032868125,8.754324511819245,28.690950393676758,11.0536470413208
2,10-5,120.0,111.0,440.0,df1,1,0.01,0.2,100,33.57229358673096,26.584372329711915,30.282849563018672,9.141482321487203,32.87245559692383,10.107243537902832
3,16-8,234.0,225.0,440.0,df1,1,0.1,0.2,100,26.140688495635985,20.963449554443358,28.560488184159198,9.193667233984177,30.866453170776367,11.19642162322998
4,16-8,234.0,225.0,440.0,df1,1,0.01,0.2,100,34.33446983337402,25.89930953979492,32.03839883246566,8.798454657331156,34.18754196166992,10.008971214294434
5,16-8,234.0,225.0,440.0,df1,1,0.001,0.2,100,42.4279256439209,37.57054061889649,14.918201956120098,5.581295630460614,22.50550079345703,7.094554424285889
6,24-12,442.0,433.0,440.0,df1,1,0.1,0.2,100,22.961663513183595,17.995301399230957,21.491121828156203,4.642032510002648,24.39689826965332,7.489725589752197
7,24-12,442.0,433.0,440.0,df1,1,0.01,0.2,100,36.000654201507565,25.5091446685791,33.72100598895044,8.456008283037079,36.53252410888672,9.379047393798828
8,24-12,442.0,433.0,440.0,df1,1,0.001,0.2,100,40.2699853515625,32.81844383239746,24.137489993823326,7.6779932503851,30.889575958251953,10.522710800170898
