,layer architecture,total parameters,trained parameters,total inputs,df,dropout,learning rate,validation split,epochs,test mae avg,train mae avg,test mae std dev,train mae std dev,test predicted thickness std dev,train predicted thickness std dev
0,10-5,180.0,161.0,1782.0,df3,1,0.1,0.2,100,14.810244331359863,14.470759239196777,3.7054417464858314,2.7764953013870484,6.526312828063965,4.200959205627441
1,10-5,180.0,161.0,1782.0,df3,1,0.01,0.2,100,14.546510391235351,14.512167930603027,3.1882358451372994,0.830224749771743,4.667514801025391,1.3917244672775269
2,10-5,180.0,161.0,1782.0,df3,1,0.001,0.2,100,35.56914260864258,34.84262420654297,8.024215490140845,7.362401044276628,10.336502075195312,9.639620780944824
3,32-17,918.0,899.0,1782.0,df3,1,0.1,0.2,100,13.489619235992432,13.907198715209962,3.5258933483342965,1.0767225150396098,6.257274627685547,2.782883405685425
4,32-17,918.0,899.0,1782.0,df3,1,0.01,0.2,100,13.847506217956543,14.139571304321288,2.9544176445835535,0.8646555600761525,4.686824321746826,1.4343112707138062
5,32-17,918.0,899.0,1782.0,df3,1,0.001,0.2,100,21.039779052734374,20.76428192138672,3.621682999345366,0.9783379183557671,3.715369701385498,1.4592111110687256
6,45-28,1786.0,1767.0,1782.0,df3,1,0.1,0.2,100,13.387217559814452,13.505439491271973,3.6838793484501635,1.036609827633239,6.30912971496582,4.3158087730407715
7,45-28,1786.0,1767.0,1782.0,df3,1,0.01,0.2,100,13.856943244934081,13.884442825317382,3.1089490181082726,0.8915975318389581,4.8263702392578125,1.5789124965667725
8,45-28,1786.0,1767.0,1782.0,df3,1,0.001,0.2,100,19.597382621765135,18.90313865661621,3.408714639840407,0.9775772640046502,4.12217903137207,0.9342625737190247
