,layer architecture,total parameters,trained parameters,total inputs,df,dropout,learning rate,validation split,epochs,test mae avg,train mae avg,test mae std dev,train mae std dev,test predicted thickness std dev,train predicted thickness std dev
0,10-5,168.0,151.0,2672.0,df7,1,0.1,0.2,100,15.016992607116698,16.187942924499513,2.7954685793907097,2.2919591015831586,5.85426664352417,3.1228721141815186
1,10-5,168.0,151.0,2672.0,df7,1,0.01,0.2,100,15.28911075592041,15.974821891784668,2.312828558342479,0.6901025793408627,4.443333625793457,1.1530929803848267
2,10-5,168.0,151.0,2672.0,df7,1,0.001,0.2,100,24.372798995971678,24.32275680541992,8.7195899043011,7.250087511939291,10.987655639648438,11.46095085144043
3,42-21,1320.0,1303.0,2672.0,df7,1,0.1,0.2,100,14.692281341552734,14.978207817077637,2.7206837948863196,1.2681190329866874,4.899391174316406,4.042470455169678
4,42-21,1320.0,1303.0,2672.0,df7,1,0.01,0.2,100,15.032320022583008,15.57230884552002,2.3434218299561063,0.7049953146489483,4.214229106903076,1.5400513410568237
5,42-21,1320.0,1303.0,2672.0,df7,1,0.001,0.2,100,16.6121008682251,17.23735828399658,2.6486855844097756,0.6215049669858451,4.431791305541992,1.0206881761550903
6,55-38,2679.0,2662.0,2672.0,df7,1,0.1,0.2,100,14.53814712524414,14.754784736633301,2.3046096954329496,1.0052403759043984,6.345163345336914,3.9269256591796875
7,55-38,2679.0,2662.0,2672.0,df7,1,0.01,0.2,100,14.987742767333984,15.457717666625976,2.313750110715582,0.7063862989157749,4.1734700202941895,1.8634977340698242
8,55-38,2679.0,2662.0,2672.0,df7,1,0.001,0.2,100,16.24482421875,16.90263370513916,2.600032303671453,0.6813483425865499,4.360283851623535,1.12116539478302
