,layer architecture,model parameters,total inputs,df,dropout,learning rate,validation split,epochs,test mae avg,train mae avg,test mae std dev,train mae std dev,test predicted thickness std dev,train predicted thickness std dev
0,10-5,180.0,4500.0,df3,1,0.001,0.2,300,22.740836029052733,26.87978904724121,0.4831954543432592,0.36107549674215667,0.6382122039794922,0.570695161819458
1,10-5,180.0,4500.0,df3,1,0.01,0.2,300,23.63196533203125,22.024180221557618,1.7579719427389735,1.2091419214803516,1.5448178052902222,1.8340903520584106
2,10-5,180.0,4500.0,df3,1,0.1,0.2,300,23.99384696960449,20.419169006347655,1.5578159014208393,1.2216797650756714,3.889587163925171,4.011631965637207
4,64-10,1320.0,4500.0,df3,1,0.01,0.2,300,24.359069366455078,17.994879531860352,1.173399988048508,1.0979075960971165,2.685344696044922,2.8760125637054443
3,35-15,925.0,4500.0,df3,1,0.01,0.2,300,24.90047538757324,17.692823066711426,1.1975830558759455,0.9412428867939877,2.6455366611480713,2.506014823913574
