,layer architecture,total parameters,trained parameters,total inputs,df,dropout,learning rate,validation split,epochs,test mae avg,train mae avg,test mae std dev,train mae std dev,test predicted thickness std dev,train predicted thickness std dev
0,10-5,168.0,151.0,3408.0,df5,1,0.1,0.2,100,23.395151596069336,21.768494491577147,3.795931478991115,0.929412966503222,6.005342483520508,3.8743278980255127
1,10-5,168.0,151.0,3408.0,df5,1,0.01,0.2,100,24.121094436645507,22.30795265197754,3.385902935468055,1.0326586493379344,3.8613533973693848,1.3913511037826538
2,10-5,168.0,151.0,3408.0,df5,1,0.001,0.2,100,28.424161529541017,27.62664306640625,4.444136190143747,1.7786534085110932,3.647562265396118,2.5279619693756104
3,50-25,1768.0,1751.0,3408.0,df5,1,0.1,0.2,100,19.634299049377443,19.534150390625,2.8575587296021623,1.8326326035307199,6.55273962020874,5.260397434234619
4,50-25,1768.0,1751.0,3408.0,df5,1,0.01,0.2,100,22.892680130004884,21.387985763549803,3.4556343218888257,0.9467880878519321,3.4282612800598145,1.9531456232070923
5,50-25,1768.0,1751.0,3408.0,df5,1,0.001,0.2,100,25.059131774902344,23.49832954406738,3.5276038805882877,0.8993838307112058,3.5549073219299316,0.9940192699432373
6,64-42,3366.0,3349.0,3408.0,df5,1,0.1,0.2,100,20.239241905212403,19.559222679138184,3.564918376352968,1.3233460200678986,8.385831832885742,5.33387565612793
7,64-42,3366.0,3349.0,3408.0,df5,1,0.01,0.2,100,22.74534896850586,21.328924255371092,3.273542956412571,0.812693140767716,3.634082555770874,2.658971071243286
8,64-42,3366.0,3349.0,3408.0,df5,1,0.001,0.2,100,24.848531036376954,23.125824279785157,3.537054339075334,0.8638651092968765,3.605675220489502,0.9501060247421265
