,layer architecture,total parameters,trained parameters,total inputs,df,dropout,learning rate,validation split,epochs,test mae avg,train mae avg,test mae std dev,train mae std dev,test predicted thickness std dev,train predicted thickness std dev
0,10-5,180.0,161.0,3834.0,df6,1,0.1,0.2,100,23.80457820892334,21.80253952026367,3.928157607083925,0.950216916530772,4.528743743896484,3.243212938308716
1,10-5,180.0,161.0,3834.0,df6,1,0.01,0.2,100,25.174297409057615,23.80841323852539,7.527967841840281,6.785589353580488,10.242487907409668,9.457551002502441
2,10-5,180.0,161.0,3834.0,df6,1,0.001,0.2,100,31.059355392456055,29.987596130371095,9.31345557821577,6.959428061412849,10.886383056640625,10.620638847351074
3,50-28,1976.0,1957.0,3834.0,df6,1,0.1,0.2,100,21.416921119689942,20.572050323486327,3.439039401791872,1.8612938263738905,4.632443428039551,3.9859278202056885
4,50-28,1976.0,1957.0,3834.0,df6,1,0.01,0.2,100,22.90971393585205,21.1753369140625,3.2748698325216905,0.850853314074821,3.724412679672241,1.5705686807632446
5,50-28,1976.0,1957.0,3834.0,df6,1,0.001,0.2,100,25.197818679809572,23.636677474975585,3.5638123192250943,0.891039594074672,3.572155237197876,0.9587284326553345
6,64-48,3828.0,3809.0,3834.0,df6,1,0.1,0.2,100,20.48162738800049,19.919469680786133,2.947685419422766,1.694579034057906,5.733692646026611,3.4007728099823
7,64-48,3828.0,3809.0,3834.0,df6,1,0.01,0.2,100,22.32224647521973,20.763887405395508,3.2817298997035205,0.6939978818749226,3.805253028869629,2.4905574321746826
8,64-48,3828.0,3809.0,3834.0,df6,1,0.001,0.2,100,24.785617065429687,23.152609329223633,3.4466911471082646,0.9078081468957238,3.705350399017334,0.8424503207206726
