,layer architecture,total parameters,trained parameters,total inputs,df,dropout,learning rate,validation split,epochs,test mae avg,train mae avg,test mae std dev,train mae std dev,test predicted thickness std dev,train predicted thickness std dev
0,10-5,180.0,161.0,3834.0,df5,0,0.01,0.2,100,28.59043685913086,21.17806182861328,0.3707500368528865,0.3258043481106479,0.8247261047363281,0.8678550124168396
1,50-28,1976.0,1957.0,3834.0,df5,0,0.01,0.2,100,28.89927680969238,20.90087921142578,0.9645794781712873,0.49406133024484356,1.82753586769104,1.8261274099349976
2,64-48,3828.0,3809.0,3834.0,df5,0,0.01,0.2,100,29.08344512939453,20.886189422607423,1.2985803463539074,0.711959910460947,2.408503293991089,2.509187698364258
