,layer architecture,total parameters,trained parameters,total inputs,df,dropout,learning rate,validation split,epochs,test mae avg,train mae avg,test mae std dev,train mae std dev,test predicted thickness std dev,train predicted thickness std dev
0,10-5,120.0,111.0,440.0,df1,1,0.1,0.2,100,25.96119140625,23.183202819824217,26.55808830567696,10.148481764368487,28.966882705688477,11.464784622192383
1,10-5,120.0,111.0,440.0,df1,1,0.01,0.2,100,33.66019954681396,23.837749710083006,29.998286364615957,7.186784390516704,32.475215911865234,8.269892692565918
2,10-5,120.0,111.0,440.0,df1,1,0.001,0.2,100,45.260795745849606,43.99874740600586,6.3713774209083525,3.0740715245697894,9.148021697998047,4.83368444442749
3,16-8,234.0,225.0,440.0,df1,1,0.1,0.2,100,28.19362319946289,19.34406463623047,28.102577393089522,8.527283955406014,30.375547409057617,7.77144718170166
4,16-8,234.0,225.0,440.0,df1,1,0.01,0.2,100,33.292191371917724,24.599867401123046,29.3908772941363,7.6946231218660905,32.466976165771484,8.217122077941895
5,16-8,234.0,225.0,440.0,df1,1,0.001,0.2,100,40.6939501953125,37.91107078552246,12.25359720333995,4.498756161847928,17.18329620361328,8.606751441955566
6,24-12,442.0,433.0,440.0,df1,1,0.1,0.2,100,30.476896419525147,20.068037643432618,30.745371721653083,8.459951566860594,33.2516975402832,8.400177955627441
7,24-12,442.0,433.0,440.0,df1,1,0.01,0.2,100,36.13051179885864,25.011586990356445,34.22303372636479,8.104503657571886,37.092037200927734,8.999495506286621
8,24-12,442.0,433.0,440.0,df1,1,0.001,0.2,100,39.683145675659176,32.520778579711916,25.295081958580596,7.059897407554561,29.3902530670166,12.218954086303711
