,layer architecture,model parameters,total inputs,df,dropout,learning rate,validation split,epochs,test mae avg,train mae avg,test mae std dev,train mae std dev,test predicted thickness std dev,train predicted thickness std dev
0,16-8,324.0,1611.0,df6_11,1,0.01,0.2,100,14.395381622314453,7.431825370788574,0.2950976447857067,0.4753491254880125,0.714198648929596,0.5239694714546204
3,32-16,884.0,1611.0,df6_11,1,0.01,0.2,100,14.573287544250489,7.13019214630127,0.2630592295568616,0.505531481961011,0.7533813714981079,0.5819345712661743
1,8-4,140.0,1611.0,df6_11,1,0.01,0.2,300,15.571595573425293,8.72473934173584,2.3988057228881647,4.994991136613167,6.130293369293213,6.851445198059082
2,4-2,72.0,1611.0,df6_11,1,0.01,0.2,35,19.859251937866212,16.77216178894043,6.654558146115295,8.667942053435326,10.548432350158691,12.458054542541504
