,layer architecture,total parameters,trained parameters,total inputs,df,dropout,learning rate,validation split,epochs,test mae avg,train mae avg,test mae std dev,train mae std dev,test predicted thickness std dev,train predicted thickness std dev
0,10-5,180.0,161.0,3834.0,df7,1,0.1,0.2,100,23.403800735473634,21.652534790039063,3.6942309299019676,0.861735260802393,4.952834129333496,3.196418523788452
1,10-5,180.0,161.0,3834.0,df7,1,0.01,0.2,100,25.47760612487793,23.719193115234376,8.206337581742913,6.686116452727679,10.150795936584473,9.657073974609375
2,10-5,180.0,161.0,3834.0,df7,1,0.001,0.2,100,29.519088668823244,28.303097610473632,4.262299909155368,1.2205298264004618,3.37546706199646,1.402716875076294
3,50-28,1976.0,1957.0,3834.0,df7,1,0.1,0.2,100,20.325846519470215,19.625367126464845,3.536680659183138,1.2119577713085976,8.707038879394531,5.433812141418457
4,50-28,1976.0,1957.0,3834.0,df7,1,0.01,0.2,100,22.92915901184082,21.269705123901367,3.385361012903648,0.8437927575631897,4.778538703918457,1.894194483757019
5,50-28,1976.0,1957.0,3834.0,df7,1,0.001,0.2,100,25.074167251586914,23.574093856811523,3.546689725540899,0.8936716459083277,3.5765268802642822,0.9913355112075806
6,64-48,3828.0,3809.0,3834.0,df7,1,0.1,0.2,100,20.373850440979005,19.4696484375,3.244223877572631,1.2689974216889712,6.522560119628906,5.024514675140381
7,64-48,3828.0,3809.0,3834.0,df7,1,0.01,0.2,100,22.712663192749023,20.937690124511718,3.665059278051944,0.9446531104125195,4.424073219299316,2.091559648513794
8,64-48,3828.0,3809.0,3834.0,df7,1,0.001,0.2,100,24.841676330566408,23.1428133392334,3.5192175169673856,0.8650081596577883,3.5003044605255127,1.0580521821975708
