,layer architecture,total parameters,trained parameters,total inputs,df,dropout,learning rate,validation split,epochs,test mae avg,train mae avg,test mae std dev,train mae std dev,test predicted thickness std dev,train predicted thickness std dev
0,10-5,168.0,151.0,3408.0,df8,0,0.1,0.2,100,23.452621994018553,21.695266723632812,3.9002175704942896,1.1074741158699934,4.682687759399414,3.5591228008270264
1,10-5,168.0,151.0,3408.0,df8,0,0.01,0.2,100,25.501914978027344,23.845785064697267,5.535988037172359,7.367568669639532,10.343690872192383,9.609488487243652
2,10-5,168.0,151.0,3408.0,df8,0,0.001,0.2,100,30.517801971435546,29.369925689697265,8.893143838471325,7.424971977685911,11.059386253356934,10.802032470703125
3,60-46,3410.0,3393.0,3408.0,df8,0,0.1,0.2,100,20.42058265686035,19.38401077270508,3.1482006817505868,1.3526603439207017,6.6086907386779785,4.6043572425842285
4,60-46,3410.0,3393.0,3408.0,df8,0,0.01,0.2,100,22.562193908691405,21.1238688659668,3.225266243331376,1.0080445680549426,5.138628005981445,2.3345534801483154
5,60-46,3410.0,3393.0,3408.0,df8,0,0.001,0.2,100,24.704440994262697,23.11696044921875,3.4750800188011852,0.9151549182987924,3.7964088916778564,0.8899096846580505
