,layer architecture,total parameters,trained parameters,total inputs,df,dropout,learning rate,validation split,epochs,test mae avg,train mae avg,test mae std dev,train mae std dev,test predicted thickness std dev,train predicted thickness std dev
2,64-48,3828.0,3809.0,3834.0,df5,0,0.01,0.2,100,27.358116607666016,19.691848983764647,1.1320463919722221,0.5798933930352943,2.2558817863464355,2.3522584438323975
0,50-28,1976.0,1957.0,3834.0,df5,0,0.01,0.2,100,27.575153579711912,19.88773208618164,0.8296163370962594,0.4513402505665769,1.817671537399292,1.8808826208114624
1,10-5,180.0,161.0,3834.0,df5,0,0.01,0.2,100,29.822355041503908,22.687708587646483,6.4638362279554595,6.85577168771848,8.909317970275879,9.742762565612793
