,layer architecture,total parameters,trained parameters,total inputs,df,dropout,learning rate,validation split,epochs,test mae avg,train mae avg,test mae std dev,train mae std dev,test predicted thickness std dev,train predicted thickness std dev
0,50-28,1976.0,1957.0,3834.0,df5,1,0.01,0.2,100,27.46367256164551,19.876678314208984,0.7350864899518805,0.5433777977811555,1.8537899255752563,1.816096305847168
2,64-48,3828.0,3809.0,3834.0,df5,1,0.01,0.2,100,27.663507843017577,19.64856391906738,0.9915233746516927,0.5852471041296328,2.3597919940948486,2.409230947494507
1,10-5,180.0,161.0,3834.0,df5,1,0.01,0.2,100,28.386816635131837,21.261120376586913,0.6393581741436858,0.3520616367300654,1.0521876811981201,1.0241625308990479
