,layer architecture,total parameters,trained parameters,total inputs,df,dropout,learning rate,validation split,epochs,test mae avg,train mae avg,test mae std dev,train mae std dev,test predicted thickness std dev,train predicted thickness std dev
0,10-5,168.0,151.0,3408.0,df5,0,0.1,0.2,100,23.27501235961914,22.330276641845703,3.325466854064029,1.3763605110023491,5.206615924835205,4.552423000335693
1,10-5,168.0,151.0,3408.0,df5,0,0.01,0.2,100,25.338075714111326,23.704296264648438,5.564220677926623,7.3841818512058905,10.380778312683105,9.68317699432373
2,10-5,168.0,151.0,3408.0,df5,0,0.001,0.2,100,28.88732894897461,27.85529899597168,4.120316188525384,2.1100867285276377,4.122159004211426,3.361790895462036
3,50-25,1768.0,1751.0,3408.0,df5,0,0.1,0.2,100,20.17015380859375,19.514520568847658,3.128058222412303,1.6086181485209547,6.8308610916137695,5.263400077819824
4,50-25,1768.0,1751.0,3408.0,df5,0,0.01,0.2,100,23.15096706390381,21.63041160583496,3.3776832951516935,0.8875860570615268,4.6956281661987305,1.882767677307129
5,50-25,1768.0,1751.0,3408.0,df5,0,0.001,0.2,100,25.14096046447754,23.520908203125,3.52076730903649,0.9142764812813909,3.5946311950683594,0.9363330602645874
6,64-42,3366.0,3349.0,3408.0,df5,0,0.1,0.2,100,19.697422409057616,19.05772430419922,2.8410046806887777,1.2125458042790087,7.536927223205566,3.5760884284973145
7,64-42,3366.0,3349.0,3408.0,df5,0,0.01,0.2,100,22.96205150604248,21.289902648925782,3.4211699194261573,0.9771632753974763,4.200439929962158,2.4360709190368652
8,64-42,3366.0,3349.0,3408.0,df5,0,0.001,0.2,100,24.719557266235352,23.128619079589843,3.6261406532841773,0.8899607697946782,3.855125904083252,0.9813386797904968
