,layer architecture,total parameters,trained parameters,total inputs,df,dropout,learning rate,validation split,epochs,test mae avg,train mae avg,test mae std dev,train mae std dev,test predicted thickness std dev,train predicted thickness std dev
0,10-5,192.0,171.0,2560.0,df9,0,0.1,0.2,100,12.037907066345214,12.472445755004882,1.4158169502873865,1.0154139457938234,4.062936782836914,3.8722548484802246
1,10-5,192.0,171.0,2560.0,df9,0,0.01,0.2,100,11.729599723815918,12.20309268951416,1.1945255135916644,0.547090608513078,2.4151341915130615,1.3308160305023193
2,10-5,192.0,171.0,2560.0,df9,0,0.001,0.2,100,18.86481929779053,19.898926696777345,3.162818959781494,3.52493439595065,6.039453029632568,5.546602249145508
3,40-20,1302.0,1281.0,2560.0,df9,0,0.1,0.2,100,11.266199340820313,11.229865226745606,1.60377432426519,0.929700686113415,3.0701911449432373,2.983966827392578
4,40-20,1302.0,1281.0,2560.0,df9,0,0.01,0.2,100,11.5587890625,12.04721279144287,1.1952941031019744,0.4947784113985724,2.255495548248291,1.7405864000320435
5,40-20,1302.0,1281.0,2560.0,df9,0,0.001,0.2,100,12.877129821777343,13.38263916015625,1.4864828449704413,0.4289955149798837,2.4425129890441895,0.7793034911155701
6,60-30,2542.0,2521.0,2560.0,df9,0,0.1,0.2,100,11.690256805419923,11.66811595916748,1.7762603963897086,1.1910659524422635,4.161109447479248,4.08980655670166
7,60-30,2542.0,2521.0,2560.0,df9,0,0.01,0.2,100,11.487986640930176,12.013037719726562,1.611474427426789,0.45491018552686757,3.0521442890167236,2.142634391784668
8,60-30,2542.0,2521.0,2560.0,df9,0,0.001,0.2,100,12.521105842590332,13.085690307617188,1.3896500990565177,0.43692302137261047,2.362370014190674,0.6881948709487915
