,layer architecture,total parameters,trained parameters,total inputs,df,dropout,learning rate,validation split,epochs,test mae avg,train mae avg,test mae std dev,train mae std dev,test predicted thickness std dev,train predicted thickness std dev
0,64-48,3828.0,3809.0,3834.0,df2,1,0.01,0.2,100,26.97060760498047,19.73964653015137,0.8146695193786269,0.5023824286595433,2.1477134227752686,2.3556435108184814
1,50-28,1976.0,1957.0,3834.0,df2,1,0.01,0.2,100,27.466164321899413,19.944484481811525,0.8871935558722507,0.512406781837115,2.0350468158721924,2.0283024311065674
2,64-48,3828.0,3809.0,3834.0,df2,1,0.1,0.2,100,27.842596435546874,17.169106979370117,1.4412924998830678,0.9325473732981485,4.467426300048828,5.026119232177734
3,50-28,1976.0,1957.0,3834.0,df2,1,0.1,0.2,100,28.03642852783203,17.59891990661621,1.9598878303265517,1.2372591582687065,5.330946922302246,5.211396217346191
4,10-5,180.0,161.0,3834.0,df2,1,0.1,0.2,100,28.186652221679687,21.04827423095703,2.7676403245265755,2.805026017111707,4.646422386169434,5.1440839767456055
5,10-5,180.0,161.0,3834.0,df2,1,0.01,0.2,100,28.465351638793944,21.216062698364258,0.5476445285283065,0.34605629218332146,0.6560378670692444,0.6444447040557861
8,64-48,3828.0,3809.0,3834.0,df2,1,0.001,0.2,100,28.793042602539064,22.143648986816405,0.30428536259342387,0.11750677782873134,0.6075312495231628,0.471396267414093
6,50-28,1976.0,1957.0,3834.0,df2,1,0.001,0.2,100,28.9158878326416,22.607363204956055,0.3733576241935173,0.18029601994506145,0.5793324112892151,0.43662571907043457
7,10-5,180.0,161.0,3834.0,df2,1,0.001,0.2,100,33.70886734008789,28.946621475219725,7.31536944649961,7.274568354258889,10.35595989227295,10.696786880493164
