,layer architecture,total parameters,trained parameters,total inputs,df,dropout,learning rate,validation split,epochs,test mae avg,train mae avg,test mae std dev,train mae std dev,test predicted thickness std dev,train predicted thickness std dev
0,10-5,168.0,151.0,3408.0,df5,1,0.1,0.2,100,22.759285202026366,22.242403717041014,3.3914377299007756,1.266987468287245,5.518152713775635,3.2066376209259033
1,10-5,168.0,151.0,3408.0,df5,1,0.01,0.2,100,25.483315658569335,23.801922912597657,7.100266347347423,6.972338308099179,10.011181831359863,9.49244499206543
2,10-5,168.0,151.0,3408.0,df5,1,0.001,0.2,100,29.954961547851564,28.655165634155274,5.350759642980704,3.0123677172074905,5.546815395355225,5.091445446014404
3,50-25,1768.0,1751.0,3408.0,df5,1,0.1,0.2,100,20.718159751892088,20.388407745361327,3.1902086919966166,1.1841977823056988,4.817402362823486,3.0247316360473633
4,50-25,1768.0,1751.0,3408.0,df5,1,0.01,0.2,100,23.069518661499025,21.53208076477051,3.4980914863158157,1.155645979249286,3.91296124458313,1.6998692750930786
5,50-25,1768.0,1751.0,3408.0,df5,1,0.001,0.2,100,25.18991714477539,23.493028182983398,3.562985187529833,0.9653066360028447,3.712095022201538,0.9370119571685791
6,64-42,3366.0,3349.0,3408.0,df5,1,0.1,0.2,100,20.39425895690918,20.075863494873047,3.2798218733778555,1.2452515861704905,5.237236499786377,3.808603525161743
7,64-42,3366.0,3349.0,3408.0,df5,1,0.01,0.2,100,22.75367950439453,21.341416091918944,3.233994387284362,0.9835660973068894,3.9139227867126465,2.207315444946289
8,64-42,3366.0,3349.0,3408.0,df5,1,0.001,0.2,100,24.811914367675783,23.19080505371094,3.5777301176778145,0.8965283671228156,3.570216178894043,0.9603061079978943
