,layer architecture,model parameters,total inputs,df,dropout,learning rate,validation split,epochs,test mae avg,train mae avg,test mae std dev,train mae std dev,test predicted thickness std dev,train predicted thickness std dev
0,10-5,180.0,2916.0,df1,0,0.01,0.2,300,14.07918773651123,13.29475944519043,0.6405362681565511,0.543983942713421,1.5847963094711304,0.7230916023254395
1,10-5,180.0,2916.0,df1,0,0.1,0.2,300,15.083289604187012,12.91377010345459,0.969695138445014,1.069674394423332,3.3236029148101807,3.188258409500122
2,10-5,180.0,2916.0,df1,0,0.001,0.2,300,15.091152687072753,17.37389633178711,6.006004216557141,6.6236476365212456,8.806225776672363,9.069316864013672
