,layer architecture,total parameters,trained parameters,total inputs,df,dropout,learning rate,validation split,epochs,test mae avg,train mae avg,test mae std dev,train mae std dev,test predicted thickness std dev,train predicted thickness std dev
0,10-5,168.0,151.0,3408.0,df8,1,0.1,0.2,100,23.47398250579834,22.088568878173827,3.3501893486945744,1.1493437059167646,4.528482913970947,3.3351128101348877
1,10-5,168.0,151.0,3408.0,df8,1,0.01,0.2,100,23.907632141113282,22.354184722900392,3.568254250507465,0.9914660475381687,3.711362361907959,1.4331268072128296
2,10-5,168.0,151.0,3408.0,df8,1,0.001,0.2,100,28.83983871459961,27.716956787109375,4.564418987653596,1.8356109421760787,4.008445739746094,3.0646204948425293
3,60-46,3410.0,3393.0,3408.0,df8,1,0.1,0.2,100,20.431417083740236,19.51652847290039,3.675195548230669,1.1129868859961125,7.705124378204346,5.16392707824707
4,60-46,3410.0,3393.0,3408.0,df8,1,0.01,0.2,100,22.717309875488283,21.18872505187988,3.6096738690465235,0.8456091696345849,5.011111736297607,2.3531343936920166
5,60-46,3410.0,3393.0,3408.0,df8,1,0.001,0.2,100,24.792894973754883,23.104736099243166,3.535421252223726,0.8566025875603901,3.6220669746398926,1.0709762573242188
