,layer architecture,total parameters,trained parameters,total inputs,df,dropout,learning rate,validation split,epochs,test mae avg,train mae avg,test mae std dev,train mae std dev,test predicted thickness std dev,train predicted thickness std dev
0,10-5,180.0,161.0,3834.0,df7,0,0.1,0.2,100,23.473144989013672,22.591260604858398,4.864420237903134,2.283650359029421,6.19738245010376,4.419709205627441
1,10-5,180.0,161.0,3834.0,df7,0,0.01,0.2,100,25.080702285766602,23.71232307434082,7.561943015806028,6.800529074227617,10.168052673339844,9.653006553649902
2,10-5,180.0,161.0,3834.0,df7,0,0.001,0.2,100,30.11785125732422,29.13539222717285,5.248179873028315,2.1067454039118574,4.035971164703369,3.85056734085083
3,50-28,1976.0,1957.0,3834.0,df7,0,0.1,0.2,100,20.630415840148927,19.718128395080566,3.425895268895792,1.6819111651000358,5.962867259979248,5.710811614990234
4,50-28,1976.0,1957.0,3834.0,df7,0,0.01,0.2,100,22.498433265686035,21.050230026245117,3.264372725114289,0.963761683927445,4.6555633544921875,1.7564747333526611
5,50-28,1976.0,1957.0,3834.0,df7,0,0.001,0.2,100,25.198148040771486,23.5147794342041,3.4827380758683546,0.9495945997696505,3.564929485321045,0.9639663696289062
6,64-48,3828.0,3809.0,3834.0,df7,0,0.1,0.2,100,20.366003074645995,19.501708374023437,3.4066980998326803,1.2487853199882206,6.854043960571289,4.312155723571777
7,64-48,3828.0,3809.0,3834.0,df7,0,0.01,0.2,100,22.45858730316162,20.912907943725585,3.453118529293482,0.9063901500943653,5.001492023468018,2.440469741821289
8,64-48,3828.0,3809.0,3834.0,df7,0,0.001,0.2,100,24.755981063842775,23.124274291992187,3.505325326710451,0.9097667189408546,3.545808792114258,1.0300030708312988
