,layer architecture,total parameters,trained parameters,total inputs,df,dropout,learning rate,validation split,epochs,test mae avg,train mae avg,test mae std dev,train mae std dev,test predicted thickness std dev,train predicted thickness std dev
0,10-5,180.0,161.0,3015.0,df4,1,0.1,0.2,100,13.113990478515625,13.494101486206056,2.506700253045068,1.579487284424949,3.7299644947052,3.069349765777588
1,10-5,180.0,161.0,3015.0,df4,1,0.01,0.2,100,12.757473487854003,13.106726188659668,2.428913610825626,0.6394880320466165,2.0489044189453125,0.7645606994628906
2,10-5,180.0,161.0,3015.0,df4,1,0.001,0.2,100,18.89654483795166,19.361107597351076,7.239738689086654,6.284949682544605,9.436575889587402,9.470616340637207
3,47-21,1519.0,1500.0,3015.0,df4,1,0.1,0.2,100,11.52672451019287,12.197646293640137,1.4782818244653644,0.932739476520711,4.362331390380859,3.1612143516540527
4,47-21,1519.0,1500.0,3015.0,df4,1,0.01,0.2,100,12.267143325805664,12.5843994140625,2.3681820000427862,0.6346471983274337,2.2089433670043945,1.1529194116592407
5,47-21,1519.0,1500.0,3015.0,df4,1,0.001,0.2,100,13.505026321411133,13.74395263671875,2.386362121083016,0.5883545075896526,1.7927989959716797,0.6439468264579773
6,64-36,3036.0,3017.0,3015.0,df4,1,0.1,0.2,100,11.080989437103272,11.544126281738281,2.0103528468428125,0.7364239356167692,2.8579583168029785,2.940768003463745
7,64-36,3036.0,3017.0,3015.0,df4,1,0.01,0.2,100,11.956632270812989,12.37205539703369,2.2132044434854854,0.6874148817372957,2.4638030529022217,1.332493543624878
8,64-36,3036.0,3017.0,3015.0,df4,1,0.001,0.2,100,13.232267227172851,13.546114807128907,2.3507071085312763,0.6223417415177206,1.870668649673462,0.5291935801506042
