,layer architecture,model parameters,total inputs,df,dropout,learning rate,validation split,epochs,test mae avg,train mae avg,test mae std dev,train mae std dev,test predicted thickness std dev,train predicted thickness std dev
0,10-5,180.0,2556.0,df4,0,0.01,0.2,300,13.748537979125977,10.483726539611816,0.6367357144374569,0.42910738627373657,0.788083016872406,0.6278577446937561
1,10-5,180.0,2556.0,df4,0,0.1,0.2,300,14.297952270507812,10.551394958496093,1.2223235566302806,1.9257962884494735,2.680669069290161,1.8763723373413086
2,10-5,180.0,2556.0,df4,0,0.001,0.2,300,14.392720947265625,12.45161163330078,0.6225444044804542,0.3743414801634144,0.5817276835441589,0.46183913946151733
