,layer architecture,total parameters,trained parameters,total inputs,df,dropout,learning rate,validation split,epochs,test mae avg,train mae avg,test mae std dev,train mae std dev,test predicted thickness std dev,train predicted thickness std dev
0,10-5,180.0,161.0,3834.0,df2,1,0.1,0.2,100,24.211362457275392,22.381756134033203,4.643319080611791,2.4530378182546784,4.698009967803955,3.7577943801879883
1,10-5,180.0,161.0,3834.0,df2,1,0.01,0.2,100,25.566818618774413,23.65552604675293,7.825668322016883,6.800499450147381,10.047577857971191,9.556623458862305
2,10-5,180.0,161.0,3834.0,df2,1,0.001,0.2,100,30.57701042175293,29.58833755493164,8.593938587496119,7.38439148385009,10.869577407836914,10.713255882263184
3,50-28,1976.0,1957.0,3834.0,df2,1,0.1,0.2,100,21.202145233154297,20.026982498168945,3.2383401978407407,1.571580740575481,6.841604709625244,3.861790895462036
4,50-28,1976.0,1957.0,3834.0,df2,1,0.01,0.2,100,22.541932678222658,21.002115859985352,3.498773847417806,0.9005379354155142,4.570672512054443,1.4437522888183594
5,50-28,1976.0,1957.0,3834.0,df2,1,0.001,0.2,100,25.161781082153322,23.589619522094726,3.5773300537515236,0.8849240334886807,3.5705008506774902,1.0563513040542603
6,64-48,3828.0,3809.0,3834.0,df2,1,0.1,0.2,100,21.31208812713623,20.728066482543944,3.945819742393568,1.3334902019094177,4.42570161819458,3.0669620037078857
7,64-48,3828.0,3809.0,3834.0,df2,1,0.01,0.2,100,22.422898902893067,20.86432975769043,3.2437223814295426,0.9017695422686766,4.585883617401123,1.7985336780548096
8,64-48,3828.0,3809.0,3834.0,df2,1,0.001,0.2,100,24.87607360839844,23.166213150024415,3.4567566609803513,0.9062297454567053,3.588012456893921,0.9558327198028564
