,layer architecture,total parameters,trained parameters,total inputs,df,dropout,learning rate,validation split,epochs,test mae avg,train mae avg,test mae std dev,train mae std dev,test predicted thickness std dev,train predicted thickness std dev
0,10-5,180.0,161.0,3834.0,df2,0,0.1,0.2,100,23.641069869995118,22.055304641723634,4.5977486232654785,2.5178233840959456,6.489346027374268,3.6531131267547607
1,10-5,180.0,161.0,3834.0,df2,0,0.01,0.2,100,24.21853401184082,22.40512420654297,3.3987965738963557,0.9014150579955725,3.7392020225524902,1.1682775020599365
2,10-5,180.0,161.0,3834.0,df2,0,0.001,0.2,100,29.330677032470703,28.426012725830077,4.033043110152197,1.4974386638118826,3.1493873596191406,1.6405476331710815
3,50-28,1976.0,1957.0,3834.0,df2,0,0.1,0.2,100,20.206009368896485,19.693397827148438,2.566879410955878,1.5170623230673541,7.830984592437744,5.766170978546143
4,50-28,1976.0,1957.0,3834.0,df2,0,0.01,0.2,100,22.99980094909668,21.29327262878418,3.259518265436908,0.9591923375101975,4.42155647277832,2.405789375305176
5,50-28,1976.0,1957.0,3834.0,df2,0,0.001,0.2,100,25.176445617675782,23.622163314819336,3.5919199224031444,0.9046187204469609,3.7874348163604736,0.9265344142913818
6,64-48,3828.0,3809.0,3834.0,df2,0,0.1,0.2,100,20.010853233337404,19.433980712890627,2.9150968952857346,0.9895950527909202,6.884822368621826,5.445837020874023
7,64-48,3828.0,3809.0,3834.0,df2,0,0.01,0.2,100,22.43064453125,20.78081398010254,3.217689682707547,0.8561596173275472,4.713998317718506,2.3385379314422607
8,64-48,3828.0,3809.0,3834.0,df2,0,0.001,0.2,100,24.797178268432617,23.171960678100586,3.4941384178002006,0.8715484287599001,3.4818999767303467,1.0751100778579712
