,layer architecture,total parameters,trained parameters,total inputs,df,dropout,learning rate,validation split,epochs,test mae avg,train mae avg,test mae std dev,train mae std dev,test predicted thickness std dev,train predicted thickness std dev
0,10-5,168.0,151.0,3408.0,df5,0,0.01,0.2,100,24.183481216430664,22.333695907592773,3.5105020783199055,0.9800927858766656,3.9338936805725098,1.1262590885162354
1,64-42,3366.0,3349.0,3408.0,df5,0,0.01,0.2,100,22.77287910461426,21.202339630126954,3.227800301857363,1.089595383627106,4.678011894226074,2.574208974838257
2,50-25,1768.0,1751.0,3408.0,df5,0,0.01,0.2,100,22.73883972167969,21.493241119384766,3.361059578301321,1.0689650094516674,4.377402305603027,2.307082176208496
