,layer architecture,total parameters,trained parameters,total inputs,df,dropout,learning rate,validation split,epochs,test mae avg,train mae avg,test mae std dev,train mae std dev,test predicted thickness std dev,train predicted thickness std dev
0,10-5,180.0,161.0,2304.0,df3,1,0.1,0.2,100,12.066338119506836,12.460321617126464,1.3905287283770833,0.7871283225456706,3.2036216259002686,2.8254013061523438
1,10-5,180.0,161.0,2304.0,df3,1,0.01,0.2,100,12.690649642944337,13.365135078430177,4.969331432382712,5.231520559211706,7.526351451873779,7.511237144470215
2,10-5,180.0,161.0,2304.0,df3,1,0.001,0.2,100,20.334284057617186,21.174560508728028,5.359342320233601,5.580958257756835,8.537699699401855,8.287607192993164
3,37-20,1170.0,1151.0,2304.0,df3,1,0.1,0.2,100,11.355987854003907,11.392502059936524,1.3979551123702867,1.1423860740119762,4.561633110046387,3.969972610473633
4,37-20,1170.0,1151.0,2304.0,df3,1,0.01,0.2,100,11.645537605285645,12.185974426269532,1.2885974956316726,0.4745868020992767,2.595860004425049,1.3767449855804443
5,37-20,1170.0,1151.0,2304.0,df3,1,0.001,0.2,100,13.13438980102539,13.562638130187988,1.6158270918332063,0.4450162422321519,2.353604555130005,0.797015905380249
6,59-28,2318.0,2299.0,2304.0,df3,1,0.1,0.2,100,11.27734390258789,11.586748313903808,1.5608284841810653,1.299751371753107,3.8579890727996826,3.104036808013916
7,59-28,2318.0,2299.0,2304.0,df3,1,0.01,0.2,100,11.681348724365234,12.06468032836914,1.2774047905689954,0.6266784048524091,2.705132484436035,1.876110553741455
8,59-28,2318.0,2299.0,2304.0,df3,1,0.001,0.2,100,12.814005393981933,13.258168716430664,1.4856274885567191,0.3942995048149094,2.187622308731079,0.8125001788139343
