,layer architecture,total parameters,trained parameters,total inputs,df,dropout,learning rate,validation split,epochs,test mae avg,train mae avg,test mae std dev,train mae std dev,test predicted thickness std dev,train predicted thickness std dev
0,24-12,442.0,433.0,440.0,df1,0,0.1,0.2,100,34.69263801574707,12.56112533569336,17.44868259210199,0.7015942015291374,24.15888214111328,3.442988157272339
8,10-5,120.0,111.0,440.0,df1,0,0.001,0.2,100,42.373399047851564,42.67235656738281,5.371806863123665,3.5468346676448625,12.083934783935547,3.716604709625244
1,16-8,234.0,225.0,440.0,df1,0,0.1,0.2,100,45.320221824646,13.666996726989746,29.14254823269524,3.0590101102239395,35.0690803527832,4.9757080078125
2,16-8,234.0,225.0,440.0,df1,0,0.001,0.2,100,50.085523223876955,35.61397979736328,11.925388861016474,6.138303953287988,23.357622146606445,6.810431480407715
3,10-5,120.0,111.0,440.0,df1,0,0.1,0.2,100,61.39200569152832,13.29041202545166,27.71291555265577,1.138642005634301,32.747032165527344,2.7855165004730225
4,24-12,442.0,433.0,440.0,df1,0,0.001,0.2,100,73.68561889648437,25.96203498840332,18.79144089593558,6.514066345938596,30.781997680664062,8.771825790405273
5,16-8,234.0,225.0,440.0,df1,0,0.01,0.2,100,78.99853698730469,14.30073184967041,14.015001958929986,0.3036712954287448,14.3295316696167,1.229491114616394
6,24-12,442.0,433.0,440.0,df1,0,0.01,0.2,100,80.93860305786133,14.032380867004395,10.99001096832708,0.3412239196480157,11.410391807556152,1.2584537267684937
7,10-5,120.0,111.0,440.0,df1,0,0.01,0.2,100,81.40923721313476,15.858778038024901,15.567126559917655,6.433946563686494,26.858928680419922,8.087889671325684
