,layer architecture,total parameters,trained parameters,total inputs,df,dropout,learning rate,validation split,epochs,test mae avg,train mae avg,test mae std dev,train mae std dev,test predicted thickness std dev,train predicted thickness std dev
0,10-5,180.0,161.0,3015.0,df4,0,0.1,0.2,100,12.47058765411377,12.908506355285645,2.065852007753967,0.699188857493769,3.9369800090789795,2.336456537246704
1,10-5,180.0,161.0,3015.0,df4,0,0.01,0.2,100,12.625997085571289,12.961178092956542,2.4005546737421746,0.7548150798520081,2.180521011352539,0.8340227603912354
2,10-5,180.0,161.0,3015.0,df4,0,0.001,0.2,100,17.665080490112306,18.28453380584717,3.1236140394625433,2.3927295560182142,3.67966890335083,3.7143361568450928
3,47-21,1519.0,1500.0,3015.0,df4,0,0.1,0.2,100,11.604664497375488,11.824405555725098,1.8115737708755837,0.8182230894133968,3.915489435195923,3.168768882751465
4,47-21,1519.0,1500.0,3015.0,df4,0,0.01,0.2,100,12.253504829406738,12.64728702545166,2.211815957462459,0.6669656748360087,2.2489593029022217,1.1868587732315063
5,47-21,1519.0,1500.0,3015.0,df4,0,0.001,0.2,100,13.458636779785156,13.81373592376709,2.4071437031705756,0.597994021344479,1.8574522733688354,0.5393033027648926
6,64-36,3036.0,3017.0,3015.0,df4,0,0.1,0.2,100,11.399094314575196,11.863334884643555,2.018775420982767,0.9017181254815559,4.504397392272949,3.1662864685058594
7,64-36,3036.0,3017.0,3015.0,df4,0,0.01,0.2,100,11.997193794250489,12.44905746459961,2.1557831759819233,0.6971670769675486,2.2870795726776123,1.4068256616592407
8,64-36,3036.0,3017.0,3015.0,df4,0,0.001,0.2,100,13.306654167175292,13.559020614624023,2.405951193315889,0.5781919144693733,1.8872220516204834,0.5264481902122498
