,layer architecture,total parameters,trained parameters,total inputs,df,dropout,learning rate,validation split,epochs,test mae avg,train mae avg,test mae std dev,train mae std dev,test predicted thickness std dev,train predicted thickness std dev
0,10-5,180.0,161.0,3834.0,df2,0,0.1,0.2,100,23.26883167266846,21.599308166503906,3.670216754563807,1.4372308580909432,4.938758373260498,3.290097236633301
1,10-5,180.0,161.0,3834.0,df2,0,0.01,0.2,100,24.16792366027832,22.334085540771483,3.4267387011385173,0.9242054289938646,3.587054491043091,1.229300856590271
2,10-5,180.0,161.0,3834.0,df2,0,0.001,0.2,100,29.9858358001709,29.001069488525392,4.219595935020134,2.7619834143779096,5.060737609863281,3.4676718711853027
3,50-28,1976.0,1957.0,3834.0,df2,0,0.1,0.2,100,21.240969161987305,20.246512756347656,3.866694408036681,1.3899305653166396,5.912641525268555,2.8703129291534424
4,50-28,1976.0,1957.0,3834.0,df2,0,0.01,0.2,100,22.76094451904297,21.188875198364258,3.392051510027199,1.046299366036172,4.519290924072266,1.339887261390686
5,50-28,1976.0,1957.0,3834.0,df2,0,0.001,0.2,100,25.11790077209473,23.61030532836914,3.4478889723609614,0.8650420841430854,3.3630478382110596,1.045314908027649
6,64-48,3828.0,3809.0,3834.0,df2,0,0.1,0.2,100,21.020542526245116,20.12521911621094,3.943241661374712,1.4776682005029715,5.57811164855957,4.091348171234131
7,64-48,3828.0,3809.0,3834.0,df2,0,0.01,0.2,100,22.463450088500977,20.60095672607422,3.3021421239490736,0.8499817181148518,4.13419246673584,1.9675190448760986
8,64-48,3828.0,3809.0,3834.0,df2,0,0.001,0.2,100,24.77034210205078,23.14673355102539,3.5800530283142566,0.8453366093751862,3.6503283977508545,0.8664533495903015
