,layer architecture,total parameters,trained parameters,total inputs,df,dropout,learning rate,validation split,epochs,test mae avg,train mae avg,test mae std dev,train mae std dev,test predicted thickness std dev,train predicted thickness std dev
0,10-5,192.0,171.0,2560.0,df9,1,0.1,0.2,100,12.02031711578369,12.35797649383545,2.0648635367672865,1.4345641633642114,3.304408311843872,2.3340165615081787
1,10-5,192.0,171.0,2560.0,df9,1,0.01,0.2,100,12.695720825195313,13.178157501220703,5.57936143752204,5.134891124088956,7.593739986419678,7.479472637176514
2,10-5,192.0,171.0,2560.0,df9,1,0.001,0.2,100,19.070972061157228,20.04725639343262,5.953386908894732,5.468128583318296,7.934831619262695,8.005471229553223
3,40-20,1302.0,1281.0,2560.0,df9,1,0.1,0.2,100,11.448527565002442,11.523079071044922,2.2840378003968795,1.586598649146929,4.336031436920166,3.9643921852111816
4,40-20,1302.0,1281.0,2560.0,df9,1,0.01,0.2,100,11.400417060852051,12.006849670410157,1.236218123941954,0.549212227356512,2.5218961238861084,1.5266598463058472
5,40-20,1302.0,1281.0,2560.0,df9,1,0.001,0.2,100,12.853113594055175,13.495175285339355,1.51497454088194,0.4397239750735481,2.3724939823150635,0.6553269624710083
6,60-30,2542.0,2521.0,2560.0,df9,1,0.1,0.2,100,11.459363193511964,11.510962181091308,1.879350438947022,1.840532001261366,5.3283538818359375,4.676034927368164
7,60-30,2542.0,2521.0,2560.0,df9,1,0.01,0.2,100,11.74828281402588,11.998718070983887,1.4354980208557497,0.5323504354021319,3.2165942192077637,1.8454124927520752
8,60-30,2542.0,2521.0,2560.0,df9,1,0.001,0.2,100,12.488841934204101,12.982355346679688,1.3700091607597236,0.38813275314825474,2.434063673019409,0.6595907211303711
