,layer architecture,model parameters,total inputs,df,dropout,learning rate,validation split,epochs,test mae avg,train mae avg,test mae std dev,train mae std dev,test predicted thickness std dev,train predicted thickness std dev
2,10-5,180.0,4500.0,df3,0,0.001,0.2,300,22.51813232421875,26.942035522460937,0.5769194469284519,0.48080519733470317,0.5592813491821289,0.5495280623435974
0,10-5,180.0,4500.0,df3,0,0.01,0.2,300,22.94406852722168,21.843246383666994,1.273321036907684,1.457038721404438,1.8520147800445557,1.9028829336166382
1,10-5,180.0,4500.0,df3,0,0.1,0.2,300,25.127170867919922,21.07795379638672,2.608688474986378,3.859611656676654,4.783080101013184,4.73947811126709
