,layer architecture,total parameters,trained parameters,total inputs,df,dropout,learning rate,validation split,epochs,test mae avg,train mae avg,test mae std dev,train mae std dev,test predicted thickness std dev,train predicted thickness std dev
0,10-5,120.0,111.0,440.0,df1,0,0.1,0.2,100,22.939553756713867,21.6680477142334,19.880399535064274,10.6458494278434,21.038625717163086,11.2916841506958
1,10-5,120.0,111.0,440.0,df1,0,0.01,0.2,100,32.30485813140869,23.93164203643799,28.165290492996675,7.237155923187109,30.57942771911621,8.092670440673828
2,10-5,120.0,111.0,440.0,df1,0,0.001,0.2,100,43.69762954711914,43.34990005493164,6.153086000217626,4.452193087719003,8.124679565429688,5.729272365570068
3,16-8,234.0,225.0,440.0,df1,0,0.1,0.2,100,27.286389484405518,21.605262641906737,22.802278223385617,8.467344521071862,25.631711959838867,7.168513774871826
4,16-8,234.0,225.0,440.0,df1,0,0.01,0.2,100,32.70345714569092,24.01740562438965,29.184755242379463,7.45328428406351,31.84664535522461,8.474382400512695
5,16-8,234.0,225.0,440.0,df1,0,0.001,0.2,100,41.28595085144043,37.56704299926758,13.814773576564374,5.2751490886100765,20.536954879760742,8.868178367614746
6,24-12,442.0,433.0,440.0,df1,0,0.1,0.2,100,23.92081844329834,21.20737350463867,23.34113874731083,7.656735652765725,24.348299026489258,7.900439739227295
7,24-12,442.0,433.0,440.0,df1,0,0.01,0.2,100,36.40547826766968,24.60549919128418,34.54437453015817,7.791988055670468,37.35240173339844,8.61127758026123
8,24-12,442.0,433.0,440.0,df1,0,0.001,0.2,100,41.991098403930664,33.24272232055664,26.801192382642416,7.723537720382944,32.2497444152832,12.453728675842285
