,layer architecture,total parameters,trained parameters,total inputs,df,dropout,learning rate,validation split,epochs,test mae avg,train mae avg,test mae std dev,train mae std dev,test predicted thickness std dev,train predicted thickness std dev
4,48-21,1550.0,1531.0,3015.0,df4,1,0.01,0.2,100,14.374240493774414,11.971355438232422,0.3548294932052861,0.2581922146453642,1.6440272331237793,1.250126838684082
0,60-39,3038.0,3019.0,3015.0,df4,1,0.01,0.2,100,14.399035987854004,11.866200065612793,0.46379438668003153,0.37569380866293445,1.9026943445205688,1.7315276861190796
1,64-32,2772.0,2753.0,3015.0,df4,1,0.001,0.2,100,14.518645820617676,13.266174392700195,0.1823878160957124,0.10988993986327966,0.3509986102581024,0.3082326352596283
2,64-32,2772.0,2753.0,3015.0,df4,1,0.001,0.2,50,15.01965175628662,14.38160816192627,0.23739627085362613,0.2096587006348139,0.31192371249198914,0.24537011981010437
3,10-5,180.0,161.0,3015.0,df4,1,0.01,0.2,100,15.34170467376709,13.77828899383545,4.975933645437125,5.602589598084035,8.393404006958008,7.605330467224121
