,layer architecture,total parameters,trained parameters,total inputs,df,dropout,learning rate,validation split,epochs,test mae avg,train mae avg,test mae std dev,train mae std dev,test predicted thickness std dev,train predicted thickness std dev
0,10-5,168.0,151.0,2672.0,df7,0,0.1,0.2,100,15.155605659484863,15.71264503479004,2.5159940376807377,0.6159658752332453,5.399800777435303,3.2965335845947266
1,10-5,168.0,151.0,2672.0,df7,0,0.01,0.2,100,15.330971946716309,15.892298393249511,2.443180960854061,0.568238214971833,4.196365833282471,1.4242454767227173
2,10-5,168.0,151.0,2672.0,df7,0,0.001,0.2,100,21.498038711547853,21.58595245361328,3.258830069866764,1.8002801050538866,3.8089921474456787,3.170233726501465
3,42-21,1320.0,1303.0,2672.0,df7,0,0.1,0.2,100,14.118868141174316,14.80567497253418,2.0899450131515738,0.6353303556098893,5.120469093322754,2.91985821723938
4,42-21,1320.0,1303.0,2672.0,df7,0,0.01,0.2,100,14.988399162292481,15.635982246398926,2.4700523743008755,0.565711294557364,4.534304141998291,1.4630831480026245
5,42-21,1320.0,1303.0,2672.0,df7,0,0.001,0.2,100,16.777980880737303,17.269939651489256,2.6872928582776896,0.69062276116803,4.3130879402160645,1.0503441095352173
6,55-38,2679.0,2662.0,2672.0,df7,0,0.1,0.2,100,13.9234765625,14.45332160949707,2.385142481128122,0.7731159630753383,4.595876216888428,3.521164894104004
7,55-38,2679.0,2662.0,2672.0,df7,0,0.01,0.2,100,14.711858825683594,15.384751472473145,2.306986191407063,0.6147881935119734,4.479732990264893,1.814853549003601
8,55-38,2679.0,2662.0,2672.0,df7,0,0.001,0.2,100,16.273418464660644,16.895517959594727,2.5861238841673293,0.6642628990231644,4.410827159881592,1.087864637374878
