,layer architecture,model parameters,total inputs,df,dropout,learning rate,validation split,epochs,test mae avg,train mae avg,test mae std dev,train mae std dev,test predicted thickness std dev,train predicted thickness std dev
2,10-5,180.0,2979.0,df2,1,0.001,0.2,300,45.2164306640625,40.082244110107425,1.2653651531810766,0.4755690701830447,2.0342955589294434,0.6900581121444702
0,10-5,180.0,2979.0,df2,1,0.01,0.2,300,45.763172760009766,37.62921096801758,1.0823329936177741,0.9799374965524307,1.8848243951797485,1.0086992979049683
1,10-5,180.0,2979.0,df2,1,0.1,0.2,300,47.71378433227539,34.714722900390626,3.5374493402577003,1.6083791576029751,5.286022186279297,3.280120849609375
