,layer architecture,total parameters,trained parameters,total inputs,df,dropout,learning rate,validation split,epochs,test mae avg,train mae avg,test mae std dev,train mae std dev,test predicted thickness std dev,train predicted thickness std dev
0,10-5,192.0,171.0,1980.0,df8,0,0.1,0.2,100,13.90551254272461,14.001223258972168,2.9219181695381056,1.046378129157937,6.004023551940918,2.193080425262451
1,10-5,192.0,171.0,1980.0,df8,0,0.01,0.2,100,14.472125434875489,14.327674560546875,3.092751543173474,0.8517171852153685,5.496396541595459,1.2275826930999756
2,10-5,192.0,171.0,1980.0,df8,0,0.001,0.2,100,32.7995686340332,31.87925163269043,8.788794712162588,6.951911426146671,9.283069610595703,10.074995040893555
3,32-18,986.0,965.0,1980.0,df8,0,0.1,0.2,100,12.650041236877442,13.062861213684082,2.8266285613557747,0.8451790851368053,4.672293663024902,3.6759917736053467
4,32-18,986.0,965.0,1980.0,df8,0,0.01,0.2,100,13.69288028717041,13.98710765838623,3.0951658614334376,0.7995537799375042,5.197844982147217,1.5234736204147339
5,32-18,986.0,965.0,1980.0,df8,0,0.001,0.2,100,20.332517738342286,19.883560791015626,3.5370572493562795,1.051502111310235,4.3816094398498535,1.2303603887557983
6,46-30,1968.0,1947.0,1980.0,df8,0,0.1,0.2,100,13.31078884124756,13.29815818786621,3.118529308162521,1.350765837906206,7.300528049468994,3.6578269004821777
7,46-30,1968.0,1947.0,1980.0,df8,0,0.01,0.2,100,13.437410316467286,13.760798263549805,3.3641149541186532,0.8688355328786279,4.877052307128906,1.4694626331329346
8,46-30,1968.0,1947.0,1980.0,df8,0,0.001,0.2,100,17.851726989746094,17.577323760986328,3.378630936747565,0.9254993695100974,4.388347625732422,1.3010996580123901
