,layer architecture,total parameters,trained parameters,total inputs,df,dropout,learning rate,validation split,epochs,test mae avg,train mae avg,test mae std dev,train mae std dev,test predicted thickness std dev,train predicted thickness std dev
0,10-5,180.0,161.0,2304.0,df3,0,0.1,0.2,100,11.836459922790528,12.217630157470703,1.629088776145622,0.724635369198279,3.3743271827697754,2.7035250663757324
1,10-5,180.0,161.0,2304.0,df3,0,0.01,0.2,100,11.670153083801269,12.227382278442382,1.4691720671381179,0.3578453179994353,1.9534629583358765,1.3534513711929321
2,10-5,180.0,161.0,2304.0,df3,0,0.001,0.2,100,18.24668468475342,19.29548023223877,3.7327924883085384,2.721262337025408,5.188166618347168,5.192658424377441
3,37-20,1170.0,1151.0,2304.0,df3,0,0.1,0.2,100,11.665631523132324,11.873843154907227,1.6156057536750017,0.747049310774411,4.785305500030518,3.576408624649048
4,37-20,1170.0,1151.0,2304.0,df3,0,0.01,0.2,100,11.809481773376465,12.161214752197266,1.3943929556983226,0.40021555491063493,2.0835423469543457,1.4426106214523315
5,37-20,1170.0,1151.0,2304.0,df3,0,0.001,0.2,100,13.112396621704102,13.570671539306641,1.5783876556174552,0.3983586073778648,2.4828224182128906,0.6223078966140747
6,59-28,2318.0,2299.0,2304.0,df3,0,0.1,0.2,100,11.818014183044433,11.648816299438476,1.7078120522285358,1.0769830294999299,4.995405197143555,4.573824405670166
7,59-28,2318.0,2299.0,2304.0,df3,0,0.01,0.2,100,11.724699440002441,12.167379570007324,1.2890287276324721,0.6247479818871478,2.215654134750366,1.9164587259292603
8,59-28,2318.0,2299.0,2304.0,df3,0,0.001,0.2,100,12.751559371948241,13.234668083190918,1.5046277082681427,0.381551586448032,2.264423370361328,0.9069820046424866
