,layer architecture,model parameters,total inputs,df,dropout,learning rate,validation split,epochs,test mae avg,train mae avg,test mae std dev,train mae std dev,test predicted thickness std dev,train predicted thickness std dev
0,55-30,2280.0,2304.0,df3,0,0.01,0.2,100,12.799709072113037,11.829813613891602,0.9006193632521977,0.42892376546711247,1.6541091203689575,1.5926659107208252
1,55-30,2280.0,2304.0,df3,0,0.001,0.2,100,12.881107578277588,13.271719341278077,0.31075746821069883,0.13595032739123775,0.5925818681716919,0.4105103611946106
2,10-5,180.0,2304.0,df3,0,0.01,0.2,100,12.89954792022705,12.595711822509765,3.473724279033637,3.7512364491517385,5.605903148651123,5.293004035949707
3,10-5,180.0,2304.0,df3,0,0.01,0.2,35,13.445838413238526,14.447832736968994,5.579574282808269,5.762182173175343,8.135075569152832,7.952336311340332
6,55-30,2280.0,2304.0,df3,0,0.001,0.2,45,14.283063621520997,15.349574451446534,0.6654926305087673,0.4419212593546495,1.0953822135925293,1.060974359512329
4,10-5,180.0,2304.0,df3,0,0.001,0.2,100,20.201375579833986,20.745321464538574,4.587280370386467,4.948121271329737,7.509897232055664,7.332812309265137
5,55-30,2280.0,2304.0,df3,0,0.001,0.2,25,21.658568992614747,22.592461280822754,1.5490249642039409,1.8925076186542449,3.8096816539764404,3.7274866104125977
