,layer architecture,total parameters,trained parameters,total inputs,df,dropout,learning rate,validation split,epochs,test mae avg,train mae avg,test mae std dev,train mae std dev,test predicted thickness std dev,train predicted thickness std dev
0,10-5,180.0,161.0,3834.0,df6,0,0.1,0.2,100,22.959951820373536,21.299348373413086,3.595855531283971,1.4437865788840636,4.912875652313232,2.583059787750244
1,10-5,180.0,161.0,3834.0,df6,0,0.01,0.2,100,25.72647903442383,23.731757049560546,8.26817404816057,6.642770698948976,10.114286422729492,9.452445030212402
2,10-5,180.0,161.0,3834.0,df6,0,0.001,0.2,100,31.49700012207031,30.39696632385254,7.996433425245027,7.430681185277144,10.938894271850586,10.816193580627441
3,50-28,1976.0,1957.0,3834.0,df6,0,0.1,0.2,100,20.75630786895752,20.29327362060547,3.7313654762154354,1.5997541796594206,5.402734279632568,3.782172203063965
4,50-28,1976.0,1957.0,3834.0,df6,0,0.01,0.2,100,23.045277061462404,21.41162612915039,3.4944760772238155,0.8390220714934018,4.116608619689941,1.3953858613967896
5,50-28,1976.0,1957.0,3834.0,df6,0,0.001,0.2,100,25.22037467956543,23.555822067260742,3.497479592419445,0.8645040590829145,3.5617988109588623,0.9825453162193298
6,64-48,3828.0,3809.0,3834.0,df6,0,0.1,0.2,100,20.495568351745604,19.72312774658203,3.464504882916515,1.4527414511047756,5.896609306335449,3.4071662425994873
7,64-48,3828.0,3809.0,3834.0,df6,0,0.01,0.2,100,22.32653781890869,20.747637786865234,3.0213412168502893,1.2033573556957193,3.7268545627593994,2.300532579421997
8,64-48,3828.0,3809.0,3834.0,df6,0,0.001,0.2,100,24.82100036621094,23.12622398376465,3.518879326988495,0.9180406166150797,3.4782025814056396,1.1161329746246338
