,layer architecture,total parameters,trained parameters,total inputs,df,dropout,learning rate,validation split,epochs,test mae avg,train mae avg,test mae std dev,train mae std dev,test predicted thickness std dev,train predicted thickness std dev
0,10-5,168.0,151.0,3408.0,df5,1,0.01,0.2,100,25.459589080810545,23.659463653564455,8.166230707514016,6.721942906786617,10.302433967590332,9.63884449005127
1,64-42,3366.0,3349.0,3408.0,df5,1,0.01,0.2,100,22.866305084228514,21.085913009643555,3.5284740725236805,1.040091853517181,4.426828861236572,2.7555313110351562
2,50-25,1768.0,1751.0,3408.0,df5,1,0.01,0.2,100,23.07703956604004,21.33326919555664,3.2031449900436644,1.0215390015693115,4.118157386779785,1.7598050832748413
