,layer architecture,total parameters,trained parameters,total inputs,df,dropout,learning rate,validation split,epochs,test mae avg,train mae avg,test mae std dev,train mae std dev,test predicted thickness std dev,train predicted thickness std dev
0,10-5,180.0,161.0,3834.0,df2,1,0.1,0.2,100,23.26130157470703,21.554472122192383,3.67123032067849,0.943985849341701,6.5208940505981445,3.4407691955566406
1,10-5,180.0,161.0,3834.0,df2,1,0.01,0.2,100,25.43574752807617,23.58507125854492,8.130272377050366,6.727868412060756,10.34570598602295,9.619629859924316
2,10-5,180.0,161.0,3834.0,df2,1,0.001,0.2,100,29.78317512512207,28.849456787109375,4.221086338927475,1.6369350456450913,3.6439461708068848,1.9711707830429077
3,50-28,1976.0,1957.0,3834.0,df2,1,0.1,0.2,100,20.47632194519043,19.935190505981446,3.083242385315471,1.5370945167551093,7.560214042663574,5.64231538772583
4,50-28,1976.0,1957.0,3834.0,df2,1,0.01,0.2,100,22.808824081420898,21.27557502746582,3.5608087372952792,0.8430790211436092,4.863447189331055,1.7423986196517944
5,50-28,1976.0,1957.0,3834.0,df2,1,0.001,0.2,100,25.091376724243165,23.53946418762207,3.5284285277605156,0.8607925248545991,3.4721879959106445,1.0141217708587646
6,64-48,3828.0,3809.0,3834.0,df2,1,0.1,0.2,100,19.78285717010498,19.288376693725585,2.977442052810665,1.6824235293851326,6.99826717376709,4.503273963928223
7,64-48,3828.0,3809.0,3834.0,df2,1,0.01,0.2,100,22.741342697143555,21.02318313598633,3.2124736867565526,0.8582310378008593,4.4800872802734375,2.9323477745056152
8,64-48,3828.0,3809.0,3834.0,df2,1,0.001,0.2,100,24.922566986083986,23.142390518188478,3.518598556872386,0.8457964625866876,3.7029004096984863,0.9241548180580139
