,layer architecture,total parameters,trained parameters,total inputs,df,dropout,learning rate,validation split,epochs,test mae avg,train mae avg,test mae std dev,train mae std dev,test predicted thickness std dev,train predicted thickness std dev
0,10-5,180.0,161.0,1782.0,df3,0,0.1,0.2,100,13.840070571899414,14.091592750549317,3.305539322754587,0.9535870024803486,5.300779342651367,1.8693294525146484
1,10-5,180.0,161.0,1782.0,df3,0,0.01,0.2,100,14.401836509704589,14.546209716796875,3.316708773894258,0.7532048557518832,4.619330883026123,1.179797887802124
2,10-5,180.0,161.0,1782.0,df3,0,0.001,0.2,100,36.418074493408206,35.67578338623047,8.555047062003887,5.55194146639311,8.22675609588623,8.318669319152832
3,32-17,918.0,899.0,1782.0,df3,0,0.1,0.2,100,13.3443208694458,13.736240348815919,3.5784737208777138,1.0533211542507133,5.920237064361572,3.445497989654541
4,32-17,918.0,899.0,1782.0,df3,0,0.01,0.2,100,13.839792404174805,14.126123580932617,3.118996834252577,0.8508592196753819,4.4980621337890625,1.3265148401260376
5,32-17,918.0,899.0,1782.0,df3,0,0.001,0.2,100,21.217229614257814,20.506833801269533,3.377619059014292,1.210994005317862,4.059304714202881,1.3908939361572266
6,45-28,1786.0,1767.0,1782.0,df3,0,0.1,0.2,100,13.16495189666748,13.189088554382325,3.604065777946153,1.457362006636332,5.8283467292785645,3.965580701828003
7,45-28,1786.0,1767.0,1782.0,df3,0,0.01,0.2,100,13.78614631652832,13.974901618957519,3.1660596602841187,0.8613633506497177,5.040228843688965,1.442237138748169
8,45-28,1786.0,1767.0,1782.0,df3,0,0.001,0.2,100,19.33687545776367,18.729287567138673,3.365573004559309,1.0850793260797853,4.137932777404785,1.2583898305892944
